{
    "loss": 0.21475118398666382,
    "accuracy": 0.9224137663841248
}