{
    "loss": 0.1912338137626648,
    "accuracy": 0.9396551847457886
}